{"int_array_field":[1,2,3,4,5], "array_field":["1","2","3","4","5"],"json_field":{"a": 1},"float_vector_field":[0.611576,0.722337,0.580558,0.991365,0.100096,0.420165,0.026107,0.419644,0.611576,0.722337,0.580558,0.991365,0.100096,0.420165,0.026107,0.419644,0.611576,0.722337,0.580558,0.991365,0.100096,0.420165,0.026107,0.419644,0.611576,0.722337,0.580558,0.991365,0.100096,0.420165,0.026107,0.419644],"id_field":1,"str_field":"to_default_0"}
{"int_array_field":[1,2,3,4,5], "array_field":["1","2","3","4","5"],"json_field":{"b": 2},"float_vector_field":[0.439203,0.817617,0.794303,0.6376,0.54969,0.890527,0.326733,0.86279,0.439203,0.817617,0.794303,0.6376,0.54969,0.890527,0.326733,0.86279,0.439203,0.817617,0.794303,0.6376,0.54969,0.890527,0.326733,0.86279,0.439203,0.817617,0.794303,0.6376,0.54969,0.890527,0.326733,0.86279],"id_field":2,"str_field":"to_default_1"}
{"int_array_field":[1,2,3,4,5], "array_field":["1","2","3","4","5"],"json_field":{"c": 3},"float_vector_field":[0.019367,0.878162,0.018141,0.575426,0.756335,0.847983,0.832826,0.349739,0.019367,0.878162,0.018141,0.575426,0.756335,0.847983,0.832826,0.349739,0.019367,0.878162,0.018141,0.575426,0.756335,0.847983,0.832826,0.349739,0.019367,0.878162,0.018141,0.575426,0.756335,0.847983,0.832826,0.349739],"id_field":3,"str_field":"to_default_2"}